<?xml version="1.0" encoding="UTF-8"?>
<beans xmlns="http://www.springframework.org/schema/beans"
	xmlns:xsi="http://www.w3.org/2001/XMLSchema-instance"
	xmlns:mybatis-spring="http://mybatis.org/schema/mybatis-spring"
	xmlns:context="http://www.springframework.org/schema/context"
	xsi:schemaLocation="http://mybatis.org/schema/mybatis-spring http://mybatis.org/schema/mybatis-spring-1.2.xsd
		http://www.springframework.org/schema/beans https://www.springframework.org/schema/beans/spring-beans.xsd
		http://www.springframework.org/schema/context http://www.springframework.org/schema/context/spring-context-4.3.xsd">
	
	<!-- Root Context: defines shared resources visible to all other web components -->
	
	
	<bean id="dataSource"
		class="org.springframework.jdbc.datasource.SimpleDriverDataSource">
		<property name="driverClass" value="org.mariadb.jdbc.Driver"></property>
		<property name="url" value="jdbc:mariadb://15.164.165.147:3306/wms"></property>
		<property name="username" value="scott"></property>
		<property name="password" value="tiger"></property>
	</bean>
		
	<bean id="sqlSessionFactory" 
		class="org.mybatis.spring.SqlSessionFactoryBean">
		<property name="dataSource" ref="dataSource"/>
	</bean>

	<mybatis-spring:scan base-package="com.noo.wms.*.mapper"/>
	
	<!-- 메일 전송 관련 라이브러리 세팅... -->
	<bean id="mailSender" class="org.springframework.mail.javamail.JavaMailSenderImpl">
		<property name="host" value="smtp.gmail.com" />
		<property name="port" value="587" />
		<property name="username" value="taewanworkmail@gmail.com" />
		<property name="password" value="rmulhuozioosewsx" />
		<!-- email 요청시는 SMTP -->
		<property name="javaMailProperties">
		<props>
			<prop key="mail.transport.protocol">smtp</prop>
			<prop key="mail.smtp.auth">true</prop>
			<prop key="mail.smtp.starttls.enable">true</prop>
			<prop key="mail.debug">false</prop>
			<prop key="mail.smtp.ssl.trust">smtp.gmail.com</prop>
			<prop key="mail.smtp.ssl.protocols">TLSv1.2</prop>
		</props>
		</property>
	</bean>
	
	<context:component-scan base-package="com.noo.wms.*.service"></context:component-scan>
		
		
</beans>
