<?xml version="1.0" encoding="UTF-8"?>
<!DOCTYPE mapper PUBLIC "-//mybatis.org//DTD Mapper 3.0//EN" 
"http://mybatis.org/dtd/mybatis-3-mapper.dtd">

<mapper namespace="com.noo.wms.warehouse.mapper.WarehouseSQLMapper">

	<insert id="insertWarehouse">		
		INSERT INTO Warehouse(
			company_code,
			warehouse_classification,
			warehouse_name
		)values(
			#{company_code},
			#{warehouse_classification},
			#{warehouse_name})
	</insert>
	
	<select id="warehouseList" resultType="com.noo.wms.vo.WarehouseVo">
		SELECT * FROM Warehouse
		WHERE company_code = #{companyCode}
	</select>
	
	<insert id="insertArea">
		INSERT INTO Warehouse_area(
		warehouse_code,
		warehouse_area_name
		)values(
		#{warehouse_code},
		#{warehouse_area_name})
	</insert>
	
	<select id="areaList" resultType="com.noo.wms.vo.AreaVo">
		SELECT * FROM Warehouse_area
		WHERE warehouse_code = #{warehouseCode}		
	</select>
	
	<select id="rackList" resultType="com.noo.wms.vo.RackVo">
		SELECT * FROM Warehouse_rack
		WHERE warehouse_area_code = #{areaCode}
	</select>
	
	<insert id="insertRack">
		INSERT INTO Warehouse_rack(
		warehouse_area_code,
		warehouse_rack_name
		)values(
		#{warehouse_area_code},
		#{warehouse_rack_name})
	</insert>
	
	<select id="cellList" resultType="com.noo.wms.vo.CellVo">
		SELECT * FROM Warehouse_cell
		WHERE warehouse_rack_code = #{rackCode}
	</select>
	
	<insert id="insertCell">
		INSERT INTO Warehouse_cell(
		warehouse_rack_code,
		warehouse_cell_name
		)values(
		#{warehouse_rack_code},
		#{warehouse_cell_name})
	</insert>
	
	<update id="updateWarehouse">
		UPDATE Warehouse
		set warehouse_name = #{warehouse_name},
			warehouse_classification = #{warehouse_classification}
		WHERE warehouse_code = #{warehouse_code}
	</update>
	
	<update id="updateArea">
		UPDATE Warehouse_area
		set warehouse_area_name = #{warehouse_area_name}
		WHERE warehouse_area_code = #{warehouse_area_code}
	</update>
	
	<update id="updateRack">
		UPDATE Warehouse_rack
		set warehouse_rack_name = #{warehouse_rack_name}
		WHERE warehouse_rack_code = #{warehouse_rack_code}
	</update>
	
	<update id="updateCell">
		UPDATE Warehouse_cell
		set warehouse_cell_name = #{warehouse_cell_name}
		WHERE warehouse_cell_code = #{warehouse_cell_code}
	</update>
	
	<delete id="deleteCell">
		DELETE FROM Warehouse_cell
		WHERE warehouse_cell_code = #{warehouse_cell_code}
	</delete>
	
	<delete id="deleteRack">
		DELETE FROM Warehouse_rack
		WHERE warehouse_rack_code = #{warehouse_rack_code}
	</delete>
	
	<delete id="whenDeleteRack">
		DELETE FROM Warehouse_cell
		WHERE warehouse_rack_code = #{warehouse_rack_code}
	</delete>
	
	<delete id="deleteArea">
		DELETE FROM Warehouse_area
		WHERE warehouse_area_code = #{areaCode}
	</delete>
	
	<select id="selectCellByArea" resultType="com.noo.wms.vo.CellVo">
		SELECT wc.* FROM Warehouse_area wa , Warehouse_rack wr , Warehouse_cell wc
		WHERE wa.warehouse_area_code = wr.warehouse_area_code
		AND wr.warehouse_rack_code  = wc.warehouse_rack_code
		AND wa.warehouse_area_code = #{areaCode}
	</select>
	
	<select id="selectRackByArea" resultType="com.noo.wms.vo.RackVo">
		SELECT wr.* FROM Warehouse_area wa , Warehouse_rack wr , Warehouse_cell wc
		WHERE wa.warehouse_area_code = wr.warehouse_area_code
		AND wr.warehouse_rack_code  = wc.warehouse_rack_code
		AND wa.warehouse_area_code = #{areaCode}
	</select>

	<delete id="deleteWarehouse">
		DELETE FROM Warehouse
		WHERE warehouse_code = #{warehouseCode}
	</delete>

	<select id="selectAreaByWarehouse" resultType="com.noo.wms.vo.AreaVo">
		SELECT wa.* FROM Warehouse w , Warehouse_area wa , Warehouse_rack wr , Warehouse_cell wc
		WHERE w.warehouse_code = wa.warehouse_code
		AND wa.warehouse_area_code = wr.warehouse_area_code
		AND wr.warehouse_rack_code  = wc.warehouse_rack_code
		AND wa.warehouse_code = #{warehouseCode}
	</select>
	
	<select id="selectRackByWarehouse" resultType="com.noo.wms.vo.RackVo">
		SELECT wr.* FROM Warehouse w , Warehouse_area wa , Warehouse_rack wr , Warehouse_cell wc
		WHERE w.warehouse_code = wa.warehouse_code
		AND wa.warehouse_area_code = wr.warehouse_area_code
		AND wr.warehouse_rack_code  = wc.warehouse_rack_code
		AND wa.warehouse_code = #{warehouseCode}
	</select>
	
	<select id="selectCellByWarehouse" resultType="com.noo.wms.vo.CellVo">
		SELECT wc.* FROM Warehouse w , Warehouse_area wa , Warehouse_rack wr , Warehouse_cell wc
		WHERE w.warehouse_code = wa.warehouse_code
		AND wa.warehouse_area_code = wr.warehouse_area_code
		AND wr.warehouse_rack_code  = wc.warehouse_rack_code
		AND wa.warehouse_code = #{warehouseCode}
	</select>

</mapper>