<?xml version="1.0" encoding="UTF-8"?>
<!DOCTYPE mapper PUBLIC "-//mybatis.org//DTD Mapper 3.0//EN" 
"http://mybatis.org/dtd/mybatis-3-mapper.dtd">

<mapper namespace ="com.noo.wms.outstock.mapper.OutstockSQLMapper">
	
	<insert id="insertOutstock">
		INSERT INTO Outstock(
		stock_code,
		company_code,
		lot_code,
		product_code,
		warehouse_code,
		warehouse_area_code,
		warehouse_rack_code,
		warehouse_cell_code,
		outstock_amount,
		outstock_register_date,
		outstock_register_employee,
		outstock_memo
		)values(
		#{stock_code}, 
		#{company_code}, 
		#{lot_code}, 
		#{product_code}, 
		#{warehouse_code}, 
		#{warehouse_area_code},
		#{warehouse_rack_code}, 
		#{warehouse_cell_code}, 
		#{outstock_amount}, 
		SYSDATE(),
		NULL, 
		#{outstock_memo}
		)
		
	</insert>
	
	<select id="searchStock" resultType="com.noo.wms.vo.StockVo">
		Select * From Stock
		<trim prefix="WHERE" prefixOverrides="AND|OR">	
			company_code = #{company_code}		
				<if test="searchType=='stock_code' and searchWord != null and searchWord != '' ">				
					AND stock_code like CONCAT('%', #{searchWord}, '%')			
				</if>			
				<if test="searchType=='product_code' and searchWord != null and searchWord != '' ">				
					AND product_code like CONCAT('%', #{searchWord}, '%')			
				</if>			
				<if test="searchType=='stock_register_date' and searchWord != null and searchWord != '' ">				
					AND stock_register_date like CONCAT('%', #{searchWord}, '%')			
				</if>			
		</trim>
	</select>
	
	<select id="selectedStock" resultType="com.noo.wms.vo.StockVo">
		SELECT * FROM Stock
		WHERE stock_code = #{stockCode}
	</select>
	
	<select id="outstockList" resultType="com.noo.wms.vo.OutstockVo">
		SELECT * FROM Outstock
		<trim prefix="WHERE" prefixOverrides="AND|OR">	
			company_code = #{company_code}		
				<if test="searchOsType=='outstock_code' and searchOsWord != null and searchOsWord != '' ">				
					AND outstock_code like CONCAT('%', #{searchOsWord}, '%')			
				</if>			
				<if test="searchOsType=='product_code' and searchOsWord != null and searchOsWord != '' ">				
					AND product_code like CONCAT('%', #{searchOsWord}, '%')			
				</if>			
				<if test="searchOsType=='outstock_register_date' and searchOsWord != null and searchOsWord != '' ">				
					AND outstock_register_date like CONCAT('%', #{searchOsWord}, '%')			
				</if>			
		</trim>
	</select>
		
	
</mapper>