<?xml version="1.0" encoding="UTF-8"?>

<!DOCTYPE mapper PUBLIC "-//mybatis.org//DTD Mapper 3.0//EN" 
"http://mybatis.org/dtd/mybatis-3-mapper.dtd">

<mapper namespace="com.noo.wms.account.mapper.AccountSQLMapper">

	<select id="accountInfo" resultType="com.noo.wms.vo.AccountVo">		
		SELECT * FROM Account
			<trim prefix="WHERE" prefixOverrides="AND|OR">		
					AND company_code = #{company_code}
				<if test="searchType=='account_code' and searchWord != null and searchWord != '' ">				
					AND account_code like CONCAT('%', #{searchWord}, '%')			
				</if>			
				<if test="searchType=='account_name' and searchWord != null and searchWord != '' ">				
					AND account_name like CONCAT('%', #{searchWord}, '%')			
				</if>			
				<if test="searchType=='account_representative' and searchWord != null and searchWord != '' ">				
					AND account_representative like CONCAT('%', #{searchWord}, '%')			
				</if>			
			</trim>		
		LIMIT #{startList}, 15
	</select>

	<select id="accountInfoCount" resultType="int">
		SELECT COUNT(*) FROM Account
		<trim prefix="WHERE" prefixOverrides="AND|OR">
					AND company_code = #{company_code}
			<if test="searchWord != null and searchWord != '' ">			
				<if test="searchType=='account_code'">				
					AND account_code like CONCAT('%', #{searchWord}, '%')			
				</if>			
				<if test="searchType=='account_name'">				
					AND account_name like CONCAT('%', #{searchWord}, '%')			
				</if>			
				<if test="searchType=='account_representative'">				
					AND account_representative like CONCAT('%', #{searchWord}, '%')			
				</if>
			</if>
		</trim>
	</select>
	
	<select id="excelSelect" resultType="com.noo.wms.vo.AccountVo">
		SELECT * FROM Account
		WHERE account_code = #{account_code}
	</select>
	
	<insert id="insertAccountInfo">
		INSERT into Account (
		company_code,
		account_name,
		account_registration_number,
		account_corporate_registration_number,
		account_representative,
		account_phone,
		account_pax_number,
		account_email,
		account_email_tax,
		account_post_number,
		account_address,
		account_address_detail,
		account_category,
		account_registration,
		account_memo,
		account_registration_jpg
		) values (
		#{company_code},
		#{account_name},
		#{account_registration_number},
		#{account_corporate_registration_number},
		#{account_representative},
		#{account_phone},
		#{account_pax_number},
		#{account_email},
		#{account_email_tax},
		#{account_post_number},
		#{account_address},
		#{account_address_detail},
		#{account_category},
		SYSDATE(),
		#{account_memo},
		#{account_registration_jpg})
	</insert>
	
	<select id="selectAccountInfo" resultType="com.noo.wms.vo.AccountVo">
		SELECT * FROM Account
		WHERE account_code = #{account_code}
	</select>
	
	<update id="updateAccountInfo">
		UPDATE Account SET
		company_code = #{company_code},
		account_name = #{account_name},
		account_representative = #{account_representative},
		account_phone = #{account_phone},
		account_pax_number = #{account_pax_number},
		account_email = #{account_email},
		account_email_tax = #{account_email_tax},
		account_post_number = #{account_post_number},
		account_address = #{account_address},
		account_address_detail = #{account_address_detail},
		account_category = #{account_category},
		account_memo = #{account_memo}
		WHERE account_code = #{account_code}
	</update>
	
	<delete id="deleteAccountInfo">
		DELETE FROM Account
		WHERE account_code = #{account_code}
	</delete>
	
</mapper>